IsFamilyRegisterExtract,IssueDate,gsURL,householdAddress,householdId,membersOfHousehold_description,membersOfHousehold_members_0_PersonID,membersOfHousehold_members_0_birthDate,membersOfHousehold_members_0_father,membersOfHousehold_members_0_mother,membersOfHousehold_members_0_name,membersOfHousehold_members_0_note,membersOfHousehold_members_0_spouse,membersOfHousehold_members_0_title,membersOfHousehold_members_1_PersonID,membersOfHousehold_members_1_birthDate,membersOfHousehold_members_1_father,membersOfHousehold_members_1_mother,membersOfHousehold_members_1_name,membersOfHousehold_members_1_note,membersOfHousehold_members_1_spouse,membersOfHousehold_members_1_title,membersOfHousehold_members_2_PersonID,membersOfHousehold_members_2_birthDate,membersOfHousehold_members_2_father,membersOfHousehold_members_2_mother,membersOfHousehold_members_2_name,membersOfHousehold_members_2_note,membersOfHousehold_members_2_spouse,membersOfHousehold_members_2_title,membersOfHousehold_members_3_PersonID,membersOfHousehold_members_3_birthDate,membersOfHousehold_members_3_father,membersOfHousehold_members_3_mother,membersOfHousehold_members_3_name,membersOfHousehold_members_3_note,membersOfHousehold_members_3_spouse,membersOfHousehold_members_3_title,membersOfHousehold_members_4_PersonID,membersOfHousehold_members_4_birthDate,membersOfHousehold_members_4_father,membersOfHousehold_members_4_mother,membersOfHousehold_members_4_name,membersOfHousehold_members_4_note,membersOfHousehold_members_4_spouse,membersOfHousehold_members_4_title,membersOfHousehold_members_5_PersonID,membersOfHousehold_members_5_birthDate,membersOfHousehold_members_5_father,membersOfHousehold_members_5_mother,membersOfHousehold_members_5_name,membersOfHousehold_members_5_note,membersOfHousehold_members_5_spouse,membersOfHousehold_members_5_title,membersOfHousehold_members_6_PersonID,membersOfHousehold_members_6_birthDate,membersOfHousehold_members_6_father,membersOfHousehold_members_6_mother,membersOfHousehold_members_6_name,membersOfHousehold_members_6_note,membersOfHousehold_members_6_spouse,membersOfHousehold_members_6_title,membersOfHousehold_members_7_PersonID,membersOfHousehold_members_7_birthDate,membersOfHousehold_members_7_father,membersOfHousehold_members_7_mother,membersOfHousehold_members_7_name,membersOfHousehold_members_7_note,membersOfHousehold_members_7_spouse,membersOfHousehold_members_7_title,membersOfHousehold_members_8_PersonID,membersOfHousehold_members_8_birthDate,membersOfHousehold_members_8_father,membersOfHousehold_members_8_mother,membersOfHousehold_members_8_name,membersOfHousehold_members_8_note,membersOfHousehold_members_8_spouse,membersOfHousehold_members_8_title,membersOfHousehold_members_9_PersonID,membersOfHousehold_members_9_birthDate,membersOfHousehold_members_9_father,membersOfHousehold_members_9_mother,membersOfHousehold_members_9_name,membersOfHousehold_members_9_note,membersOfHousehold_members_9_spouse,membersOfHousehold_members_9_title
true,111/06/01,gs://nthurc-docai-poc/申請資料-4要件/戶籍/戶口28.pdf,新北市板橋區龍安里011鄰大觀路二段148巷45號,F0A1E0Q9,取得此戶籍地址紀錄的成員相關資訊並組合成一個嵌套的 JSON，提取其中所有成員的姓名、稱謂、出生日期、身份證字號、配偶、父親姓名、母親姓名、記事內容,R123653200,民國75年10月8日,鄭土吉,鄭蔡伯汝,鄭伸榮,"民國105年7月7日申請與包佩怡結婚登記,民國105年7月10日結婚登記。原住新北市板橋區港德里028鄰中正路216巷133號十樓鄭蔡伯汝戶內民國106年6月9日遷人登記。長女鄭嘉韵國民身分證統一編號H227586045民國107年4月13日出生。",包佩怡,戶長,H227586045,民國107年4月13日,鄭伸榮,包佩怡,鄭嘉韵,在臺北市台灣基督長老教會馬偕醫療財團法人馬偕紀念醫院出生約定從父姓民國107年5月9日申登。,,長女,,,,,,,,,,,,,,,,,,,,,,,,,,,,,,,,,,,,,,,,,,,,,,,,,,,,,,,,,,,,,,,,
None,111/07/15,gs://nthurc-docai-poc/申請資料-4要件/戶籍/戶口5.pdf,新北市板橋區國泰里005鄰忠孝路忠義巷15弄96號三樓,FOA2RMW5,取得此戶籍地址紀錄的成員相關資訊並組合成一個嵌套的 JSON，提取其中所有成員的姓名、稱謂、出生日期、身份證字號、配偶、父親姓名、母親姓名、記事內容,N120769673,民國45年3月10日,梁秀森,梁張摘,梁乙欽,出生地:台灣省彰化縣。民國78年1月17日與梁江絲離婚。民國82年5月20日與易美蓉結婚。民國82年5月31日申登。妻梁易美蓉民國83年2月8日姓名變更民國93年8月27日申登。妻梁易修禪民國91年7月23日姓名變更民國93年8月27日申登。妻梁易華茜民國93年8月27日撤冠姓。原登記配偶姓名易華茜因配偶改名民國106年5月5日變更民國106年5月5日經彰化縣員林市戶政事務所逕為變更登記。,易莉菲,戶長,B220757497,民國50年4月2日,易紹輝,易廖菊鑾,易莉菲,原姓名:易美蓉。民國82年5月20日與梁乙欽結婚。原姓名易修禪名字不雅民國91年7月23日第二次改名。原住臺中縣烏日鄉九德村16鄰興祥街167巷22號七樓戶長本人民國93年8月26日遷入登記。原姓名易華茜係誤錄民國93年8月27日更正姓名。原姓梁民國93年8月27日撤冠夫姓登記。原姓名易華茜特殊原因民國106年5月5日第三次改名。,梁乙欽,妻,B123227887,民國86年7月10日,梁乙欽,易莉菲,梁錢茂,在台中市北區北屯路13號出生民國86年7月15日申登。原姓名梁靛名字不雅民國89年7月15日改名。母易修禪民國91年7月23日姓名變更。原住臺灣省臺中市北屯區平德里3鄰文昌二街29號易華茜戶內民國91年11月5日遷人登記。原住彰化縣彰化市民生里7鄰長興街150號謝淑華戶內民國92年6月12日遷入登記。原住臺中縣烏日鄉九德村16鄰興祥街167巷22號七樓易華茜戶內民國92年8月12日遷入登記。原登記母姓名易華茜係錯誤民國106年5月8日更正。母原姓名梁易華茜民國93年8月27日撤冠配偶姓民國106年5月8日申登。原登記母姓名易華茜因母改名民國106年5月5日變更民國106年5月8日申登。原住彰化縣員林市惠來里017鄰光明街123巷32號梁家豪戶內民國111年4月8日遷入登記。,,參子,,,,,,,,,,,,,,,,,,,,,,,,,,,,,,,,,,,,,,,,,,,,,,,,,,,,,,,,
True,111/07/06,gs://nthurc-docai-poc/申請資料-4要件/戶籍/戶口7.pdf,新北市樹林區中山里025鄰中山路三段175號十一樓之5,S5641954,取得此戶籍地址紀錄的成員相關資訊並組合成一個嵌套的 JSON，提取其中所有成員的姓名、稱謂、出生日期、身份證字號、配偶、父親姓名、母親姓名、記事內容,E122398826,民國70年3月23日,黃明俊,莊偉琍,黃志禾,原住高雄縣鳳山市文山里21鄰文中街62巷1弄23之3號黃明俊戶內民國84年5月9日遷入。民85年3月5日憑通報註記失蹤人口案號E05426。民國85年5月30日撤銷失蹤民國85年6月29日登記。原住高雄市鼓山區麗興里10鄰捷興二街7之2號楊建治戶內民國86年10月14田遷人。民國94年2月26日與陳念慈結婚民國94年3月2日車登。長男黃婕瑞統一編號S126129131民國99年3月26日出生(S1)。民國102年5月20日與陳念慈兩願離婚。原登記母姓名莊淑洪因母改名民國107年4月23日變更民國107年4月23日經臺北市士林區戶政事務所逕為變更登記。民國109年4月8日行使負擔未成年子女黃葳琦權利義務民國109年4月28日申登·民國109年4月8日行使負擔未成年子女黃婕瑞權利義務民國109年4月28日申登。,陳念慈,戶長,S225383697,民國94年6月26日,黃志禾,陳念慈,黃葳琦,在高雄市德謙醫院出生民國94年7月21日申登。原住高雄市鳳山區文山里21鄰文中街62巷1弄23之3號黃明俊戶內民國101年9月21日遷入登記。民國102年5月20日父母離婚約定由父母共同行使負擔未成年子女權利義務民國102年5月20日申登。原住山佳里11鄰新興街19巷36弄20號三樓簡詩源戶內民國102年8月14日住址變更。民國103年9月2日經法院調解由陳念慈行使負擔未成年子女權利義務民國103年9月12日申登。原行使負擔未成年子女權利義務人母陳念慈死亡民國109年4月8日改由父黃志禾行使負擔未成年子女權利義務民國109年4月28日申登。民國109年4月28日至民國414年6月25日由父黃志禾就同住照顧、保護教養、辦理子女戶籍遷徙、指定居住所、有限之財產管理、子女就學及學區相關事宜、辦理全民健康保險(眷保)轉(加、退)保、辦理護照、申請及領取社會補助事項委託楊玲燕監護民國109年4月28日申登。原住中山里025鄰中山路三段175號十一樓之5楊玲燕戶內民國111年7月6日合住本戶。,,長女,S126129131,民國99年3月26日,黃志禾,陳念慈,黃婕瑞,在高雄市林克臻婦產科診所出生約定從父姓民國99年5月20日申登(S1)・原住高雄市鳳山區文山里21鄰文中街62巷1弄23之3號黃明俊戶內民國101年9月21日遷入登記。民國102年5月20日父母離婚約定由父母共同行使負擔未成年子女權利義務民國102年5月20日申登。民國103年9月2日經法院調解由陳念慈行使負擔未成年子女權利義務民國103年9月12日申登。原行使負擔未成年子女權利義務人母陳念慈死亡民國109年4月8日改由父黃志禾行使負擔未成年子女權利義務民國109年4月28日申登。民國109年4月28日至民國119年3月25日由父黃志禾就同住照顧、保護教養、辦理子女戶籍遷徙、指定居住所、有限之財產管理、子女就學及學區相關事宜、辦理全民健康保險(眷保)轉(加、退)保、辦理護照、申請及領取社會補助事項委託楊玲燕監護民國109年4月28日申登。原住中山里025鄰中山路三段175號十一樓之5楊玲燕戶內民國111年7月6日合住本戶。,,長子,,,,,,,,,,,,,,,,,,,,,,,,,,,,,,,,,,,,,,,,,,,,,,,,,,,,,,,,
True,111/07/12,gs://nthurc-docai-poc/申請資料-4要件/戶籍/戶籍3.pdf,新北市永和區秀林里018鄰林森路93號三樓,FB595197,取得此戶籍地址紀錄的成員相關資訊並組合成一個嵌套的 JSON，提取其中所有成員的姓名、稱謂、出生日期、身份證字號、配偶、父親姓名、母親姓名、記事內容,A200764244,民國26年2月20日,徐成泰,徐孫氏,徐錫球,原住北縣新店市雙城里26鄰安泰路60巷55弄122號民國81年9月7日遷入。民國88年5月24日已接通報民國88年5月21日與卜玉書離婚。,,戶長,A120862196,民國47年2月4日,卜玉書,徐錫球,卜延庠,原本籍江蘇省灌雲縣抄寫錯誤民國80年6月8日更正本籍為江蘇省漣水縣民國80年6月8日申登。原統號A120860196錯誤民國82年1月16日更正為A120862196。民國84年10月5日與王莉蕊結婚民國84年10月13日申登。民國100年5月4日與王莉蕊兩願離婚(F4)。原住新北市永和區秀林里18鄰林森路93號三樓戶長本人民國101年2月21日遷入登記(M1)。原住南投縣南投市仁和里002鄰民生街11號戶長本人民國106年3月16日遷人登記。,,長子,A220864478,民國48年6月23日,卜玉書,徐錫球,卜延慧,原在新北市永和區秀林里018鄰林森路93號三樓(徐錫球戶內)設有戶籍民國107年9月16日入境民國107年9月19日遷入登記。民國108年11月3日出境民國110年12月22日逕為遷出登記。,,長女(遷出國外),F227853441,民國79年6月14日,卜延序,李家惠,李雨璇,原住本市智光里7鄰民有街24巷12號民國81年5月20日隨父住變。民國81年11月11日因父母離婚由生父卜延序監護。原從父姓卜變更改從母姓民國101年5月22日登記(F4)。原姓名李虹芸特殊原因民國101年5月22日第一次改名(F4)。民國103年2月17日遷出新北市新莊區合鳳里009鄰天祥街47巷2弄7之4號林筠真戶內。,,孫女,,,,,,,,,,,,,,,,,,,,,,,,,,,,,,,,,,,,,,,,,,,,,,,,
True,111/07/14,gs://nthurc-docai-poc/申請資料-4要件/戶籍/戶籍9.pdf,新北市永和區下溪里015鄰永平路302巷22號三樓,FOA2QAK8,取得此戶籍地址紀錄的成員相關資訊並組合成一個嵌套的 JSON，提取其中所有成員的姓名、稱謂、出生日期、身份證字號、配偶、父親姓名、母親姓名、記事內容,F228690359,民國84年8月7日,潘廣華,陳月領,潘妮,在台北市中正區汀州路三段40號三軍總醫院出生民國84年10月9日申登。民國106年2月15日與黃偉結婚。男黃熙國民身分證統一編號F134778960民國106年5月22日出生,黃偉,戶長,U121384214,民國74年9月6日,黃新福,陳櫻枝,黃偉,民國93年8月31日註記原住民民族別。原住花蓮縣光復鄉大馬村3鄰中山路三段63號黃新福戶內民國97年4月30日遷入登記。原住花蓮縣吉安鄉永興村16鄰全民街58號三樓張俊賢戶內民國99年1月15日遷入登記(U7)。民國99年1月15日登記原住民傳統姓名羅馬拼音(U7)。民國106年2月15日與潘妮結婚。長男黃熙國民身分證統一編號F134778960民國106年5月22日出生。原住花蓮縣光復鄉大馬村003鄰中山路三段63號黃新福戶內民國111年4月25日遷人登記。,潘妮,夫,F134778960,民國106年5月22日,黃偉,潘妮,黃熙,在新北市天主教耕莘醫療財團法人永和耕莘醫院出生約定從具原住民身分父姓並註記原住民民族別民國106年7月6日申登。,,長子,,,,,,,,,,,,,,,,,,,,,,,,,,,,,,,,,,,,,,,,,,,,,,,,,,,,,,,,
True,111/06/07,gs://nthurc-docai-poc/申請資料-4要件/戶籍/戶藤27.pdf,新北市土城區裕生里009鄰裕民路26號三樓,FF233575,取得此戶籍地址紀錄的成員相關資訊並組合成一個嵌套的 JSON，提取其中所有成員的姓名、稱謂、出生日期、身份證字號、配偶、父親姓名、母親姓名、記事內容,N221600611,民國51年11月28日,李禮東,李邱秀欺,李鳳英,民國95年2月20日與詹國強離婚。,,戶長,N123566709,民國69年12月8日,詹國強,李鳳英,詹士民,無記事。,,長子,N224806857,民國74年8月14日,詹國強,李鳳英,詹琇雲,"民國89年3月29日申報出生地。民國104年5月18日申請與劉信成結婚登記,民國104年5月20日結婚登記。女劉咨瑩統一編號F233214870民國104年8月6日出生。原登記父姓名詹國強係誤錄民國111年1月20日更正登記。",劉信成,長女,F233214870,民國104年8月6日,劉信成,詹琇雲,劉咨瑩,在新北市醫療財團法人徐元智先生醫藥基金會亞東紀念醫院出生約定從父姓民國104年8月31日申登。,,孫女,,,,,,,,,,,,,,,,,,,,,,,,,,,,,,,,,,,,,,,,,,,,,,,,
True,111/06/30,gs://nthurc-docai-poc/申請資料-4要件/戶籍/戶謄1.pdf,新北市板橋區仁愛里005鄰仁愛路62巷24弄1號四樓,FS178063,取得此戶籍地址紀錄的成員相關資訊並組合成一個嵌套的 JSON，提取其中所有成員的姓名、稱謂、出生日期、身份證字號、配偶、父親姓名、母親姓名、記事內容,F224384387,民國67年9月2日,,林秀桃,張堂齡,出生地:臺北市。民國74年1月17日隨張堂慶住變。出生地:台北市。民國93年1月12日與劉宏亮結婚(L14)。原住臺灣省臺北縣板橋市仁愛里16鄰仁愛路67號四樓戶長本人民國93年6月24日遷人登記。原住臺中縣石岡鄉土牛村5鄰豐勢路德成巷48號劉祥奏戶內民國97年10月17日遷人登記。民國110年2月5日經法院調解與劉宏亮離婚民國110年2月17日申登。因離婚民國110年2月5日經法院調解行使負擔未成年子女劉靜庭權利義務民國110年2月17日申登。民國111年6月23日與邱冠憲結婚。,邱冠憲,戶長,F126007881,民國72年11月5日,邱建鴻,徐素英,邱冠憲,出生地:臺灣省臺北縣。役別:除役。民國111年6月23日與張堂齡結婚。原住新北市土城區清水里026鄰明德路一段240巷11號四樓邱建鴻戶內民國111年6月30日遷人登記。,張堂齡,夫,L225864888,民國93年7月8日,劉宏亮,張堂齡,劉靜庭,在臺北縣合泰婦產小兒聯合診所出生民國93年7月23日申登。原住臺中縣石岡鄉土牛村5鄰豐勢路德成巷48號劉祥奏戶內民國97年10月17日遷入登記。因父母離婚民國110年2月5日經法院調解由母行使負擔未成年子女權利義務民國110年2月17日申登。,,長女,,,,,,,,,,,,,,,,,,,,,,,,,,,,,,,,,,,,,,,,,,,,,,,,,,,,,,,,
True,111/07/07,gs://nthurc-docai-poc/申請資料-4要件/戶籍/戶謄10.pdf,新北市中和區錦中里006鄰圓通路274號十一樓之7,FQ949984,取得此戶籍地址紀錄的成員相關資訊並組合成一個嵌套的 JSON，提取其中所有成員的姓名、稱謂、出生日期、身份證字號、配偶、父親姓名、母親姓名、記事內容,E120966700,民國50年3月29日,賈振,楊蘊鈺,買成龍,"民國74年2月13日與阮成強結婚。民國78年2月20日職變民國81年4月18日申登
年8月5日改名。民國86年8月7日與阮如冰離婚申登。
。原住本市景平里13鄰景平路169巷1號八樓本人戶內民國85年3月9日住變。妻阮成強民國86",阮成強,戶長,F226368514,民國74年11月5日,賈成龍,阮如冰,賈賢淨,"原住本市景平里13鄰景平路169巷1號八樓賈成龍戶內民國85年3月9日住變。民國8
5年3月13日出境民國85年11月21日代辦遷出登記。浮籤註記:因父母民國86年8月7日離婚
約定由父賈成龍監護。浮籤註記:母阮成強民國86年8月5日改名為阮如冰民國86年8月7日註記。
原在本市同址設有戶籍民國86年9月1日入境民國86年10月22日遷入登記。原住錦中里6鄰圓通
路266號五樓戶長本人民國101年9月28日住址變更。原姓名賈賢芳特殊原因民國104年3月6
日第一次改名。",,長女,F227071403,民國78年4月3日,賈成龍,阮如冰,買賢琪,"在台北市古亭區文盛里汀州路642號出生民國78年4月14日申登。原住本市景平里13
鄰景平路169巷1號八樓買成龍戶內。民國85年3月13日出境民國85年11月21日代辦遷出登
記。浮籤註記:因父母民國86年8月7日離婚約定由父賈成龍監護。浮籤註記:母阮成強民國86年8
月5日改名為阮如冰民國86年8月7日註記。原在本市同址設有戶籍民國86年9月1日入境民國86
年10月22日遷人登記。原住臺北縣中和市錦中里6鄰圓通路266號五樓賈成龍戶內民國92年12
月3日遷入登記。原住臺北縣永和市和平里7鄰永平路180巷6號四樓賴政賢戶內民國93年6月1日
遷入登記。",,次女,F128142856,民國79年8月4日,賈成龍,阮如冰,買賢亮,"在台北市汀州路642號出生民國79年8月14日申登。原住本市景平里13鄰景平路16
9巷1號八樓賈成龍戶內民國85年3月9日住變。民國85年3月13日出境民國85年11月21日
代辦遷出登記。浮籤註記:因父母民國86年8月7日離婚約定由父賈成龍監護。浮籤註記:母阮成強民
國86年8月5日改名為阮如冰民國86年8月7日註記。原在本市同址設有戶籍民國86年9月1日人
境民國86年10月22日遷入登記。原住錦中里6鄰圓通路266號五樓賈賢芳戶內民國97年5月1
3日住址變更。",,長子,F221898393,民國51年5月10日,阮志平,阮吳伊梅,阮如冰,"民國74年2月13日與賈成龍結婚。原住本市景平里13鄰景平路169巷1號八樓民國8
5年8月12日住變。原姓名阮成強係特殊原因民國86年8月5日改名。民國86年8月7日與賈成龍
離婚申登。原住臺北縣中和市錦盛里11鄰圓通路305巷27弄3號戶長本人民國90年10月2日遷
人登記。原住臺北縣永和市和平里7鄰永平路180巷6號四樓賴政賢戶內民國93年6月1日遷入登記
。原住錦中里6鄰圓通路266號五樓買賢芳戶內民國101年9月28日住址變更。",賈成龍,寄居,,,,,,,,,,,,,,,,,,,,,,,,,,,,,,,,,,,,,,,,
True,111/07/05,gs://nthurc-docai-poc/申請資料-4要件/戶籍/戶謄11.pdf,新北市三峽區鳶山里015鄰中山路169巷11弄1號,F1801502,取得此戶籍地址紀錄的成員相關資訊並組合成一個嵌套的 JSON，提取其中所有成員的姓名、稱謂、出生日期、身份證字號、配偶、父親姓名、母親姓名、記事內容,F102824264,民國39年12月18日,蔡海峰,蕭焗芝,蔡雷鳴,民國66年9月21日與周寶月結婚。原在同址設有戶籍民國85年6月19日人境民國85年6月24日遷入登記。原住臺北市士林區社子里3鄰通河西街二段37號二樓本人戶內民國87年12月8日遷入登記。民國101年8月23日與周寶月兩願離婚。,周寶月,戶長,A120777218,民國67年3月1日,蔡雷鳴,周寶月,蔡仕文,原住臺北縣三峽鎮鳶山里15鄰中山路169巷11弄1號周寶月戶內民國92年2月25日遷入登記。原住臺北市信義區黎安里5鄰臥龍街431巷臨6之16號蔡定神戶內民國98年4月29日遷入登記。,,長子,A120697484,民國68年10月13日,蔡雷鳴,周寶月,蔡仕元,原住臺北市士林區社子里3鄰通河西街二段37號二樓蔡雷鳴戶內民國87年12月8日遷入登記。,,次子,A125919332,民國73年8月14日,蔡雷鳴,周寶月,蔡仕正,無記事。.,,參子,A210021596,民國46年2月18日,周森,周楊阿秀,周寶月,"民國66年9月21日與蔡雷鳴結婚,民國101年8月23日與蔡雷鳴兩願離婚。",蔡雷鳴,寄居,,,,,,,,,,,,,,,,,,,,,,,,,,,,,,,,,,,,,,,,
True,111/07/14,gs://nthurc-docai-poc/申請資料-4要件/戶籍/戶謄12.pdf,新北市新店區玫瑰里013鄰富貴街23巷10號三樓,FW634099,取得此戶籍地址紀錄的成員相關資訊並組合成一個嵌套的 JSON，提取其中所有成員的姓名、稱謂、出生日期、身份證字號、配偶、父親姓名、母親姓名、記事內容,1100072456,民國71年10月19日,賴嘉榮,翁素卿,賴彥成,"在本市蔡婦產科診所出生民國71年10月30日申登。民國100年5月18日與張倚禎結
婚(12)。長男賴禹昇統一編號1100623257民國101年5月2日出生(I2)。次男賴竑
佑國民身分證統一編號F135360168民國108年12月19日出生。",張倚禎,戶長,T222834750,民國71年12月4日,張榿雄,莊蘭珍,張倚禎,"在屏東市出生。民國79年9月1日教變民國81年1月7日校登。原住屏東縣內埔鄉東勢村
9鄰嘉應路182號張榿雄戶內民國100年5月18日遷入登記。民國100年5月18日與賴彥成結
婚(12)。男賴禹昇統一編號1100623257民國101年5月2日出生(I2)。男賴竑佑國
民身分證統一編號F135360168民國108年12月19日出生。",賴彥成,妻,1100623257,民國101年5月2日,賴彥成,張倚禎,賴禹昇,在臺北市國立臺灣大學附設醫院出生約定從父姓民國101年5月28日申登(I2)。,,長子,F135360168,民國108年12月19日,賴彥成,張倚禎,賴竑佑,在臺北市國立台灣大學醫學院附設醫院出生約定從父姓民國108年12月23日申登。,,次子,,,,,,,,,,,,,,,,,,,,,,,,,,,,,,,,,,,,,,,,,,,,,,,,
True,111/07/04,gs://nthurc-docai-poc/申請資料-4要件/戶籍/戶謄13.pdf,新北市永和區得和里022鄰中正路368巷20弄4號三樓,FR298901,取得此戶籍地址紀錄的成員相關資訊並組合成一個嵌套的 JSON，提取其中所有成員的姓名、稱謂、出生日期、身份證字號、配偶、父親姓名、母親姓名、記事內容,V120407442,民國60年4月20日,范先開,鍾春桂,鍾照明,"原住台東縣台東市建業里5鄰西昌街242號鍾春桂戶內民國84年6月17日遷入。民國86年3月29日與陳雪如結婚民國86年4月7日申登。民國94年3月16日註記原住民民族別。原住臺北市大同區延平里14鄰重慶北路二段114巷11號五樓陳宗隆戶內民國97年9月26日遷入登記
0",陳雪如,戶長,A220718506,民國60年9月30日,陳宗隆,陳李阿蔭,陳雪如,"民國73年1月19日職變校登。民國73年9月1日教變民國73年12月26日校登。民
國82年7月13日申登出生地台北市。民國86年3月29日與鍾照明結婚民國86年4月7日申登。
原住本市得和里22鄰中正路368巷20弄4號三樓戶長本人民國95年6月1日住址變更。原住本市
民生里15鄰四維街68號四樓黃柏仁戶內民國96年3月28日住址變更。",鍾照明,妻,A230766676,民國89年7月1日,鍾照明,陳雪如,鍾佳紜,"在臺北市仁愛路四段112巷11號中山醫院出生民國89年7月6日申登。民國89年8月
3日取得平地原住民身分民國89年8月16日登記。民國93年10月4日註記原住民民族別。原住本
市得和里22鄰中正路368巷20弄4號三樓陳雪如戶內民國94年12月28日住址變更。原住本市
民生里15鄰四維街68號四樓黃柏仁戶內民國96年3月28日住址變更。",,長女,,,,,,,,,,,,,,,,,,,,,,,,,,,,,,,,,,,,,,,,,,,,,,,,,,,,,,,,
True,111/07/11,gs://nthurc-docai-poc/申請資料-4要件/戶籍/戶謄14.pdf,新北市板橋區華德里017鄰德興街37巷1號五樓,FS381209,取得此戶籍地址紀錄的成員相關資訊並組合成一個嵌套的 JSON，提取其中所有成員的姓名、稱謂、出生日期、身份證字號、配偶、父親姓名、母親姓名、記事內容,R120335830,民國52年2月25日,黃允成,林朕,黃春萬,民國79年11月10日與黃麗珍結婚。原住台北縣板橋市居仁里7鄰三民路二段193巷26號三樓民國83年12月15日遷入。原姓名:黃春風民國84年7月3日因與他人同姓名申請改名民國84年7月6日核准民國84年7月15日申登。原住嘉義縣鹿草鄉三角村17鄰三角子93號黃伯語戶內民國85年8月20日遷入。,黃麗珍,戶長,Q221609858,民國53年10月9日,黃伯語,黃莊回枝,黃麗珍,民國79年11月10日與黃春風結婚。原住台南縣白河鎮甘宅里6鄰甘宅67號黃允成戶內民國85年8月15日遷入。夫原姓名黃春風民國85年8月20日改名變更。,黃春萬,妻,R124075657,民國80年6月2日,黃春萬,黃麗珍,黃德旺,原住台南縣白河鎮甘宅里6鄰甘宅67號黃允成戶內民國85年8月15日遷入。父黃春風民國84年7月15日姓名變更民國95年8月21日申登。,,長子,R124211395,民國81年8月2日,黃春萬,黃麗珍,黃德偉,原住台南縣白河鎮甘宅里6鄰甘宅67號黃允成戶內民國85年8月15日遷入。父黃春風民國84年7月15日姓名變更民國95年8月21日申登。,,次子,F124270500,民國66年11月8日,莊啟和,林月嬌,莊朝閔,出生地:台北市。民國97年6月28日與黃心怡結婚。長男莊紘瑜統一編號F132970840民國99年8月14日出生(F1)。原住居仁里007鄰三民路二段193巷24號三樓林月嬌戶內民國103年4月7日住址變更。,黃心怡,寄居,A222102364,民國69年2月9日,黃宗益,張阿粉,黃心怡,民81年9月1日教變83年4月28日申登。原住臺北市中山區江寧里22鄰民權東路三段60巷3弄11號黃宗益戶內民國97年6月28日遷入登記。民國97年6月28日與莊朝閔結婚。男莊紘瑜統一編號F132970840民國99年8月14日出生(F1)。原住居仁里007鄰三民路二段193巷24號三樓林月嬌戶內民國103年4月7日住址變更。,莊朝閔,寄居,F132970840,民國99年8月14日,莊朝閔,黃心怡,莊紘瑜,在臺北縣板橋市遠興婦產科診所出生約定從父姓民國99年9月8日申登(F1)。原住居仁里007鄰三民路二段193巷24號三樓林月嬌戶內民國103年4月7日住址變更。,,寄居,,,,,,,,,,,,,,,,,,,,,,,,
True,111/06/06,gs://nthurc-docai-poc/申請資料-4要件/戶籍/戶謄15.pdf,新北市樹林區彭福里015鄰水源街32巷33號,FL798892,取得此戶籍地址紀錄的成員相關資訊並組合成一個嵌套的 JSON，提取其中所有成員的姓名、稱謂、出生日期、身份證字號、配偶、父親姓名、母親姓名、記事內容,H102435536,民國45年2月1日,余阿坤,余魏見妹,余家慶,民國80年9月16日補証。原名:余家炮因粗俗不雅民國81年11月24日變更(民國81年12月1日申登)。原住樹南里12鄰復興路390巷19號十樓之1戶長本人民國91年04月02日住址變更。,彭素甘,戶長,K220549233,民國49年1月15日,彭昌蘭,彭詹二妹,彭素甘,無記事。,余家慶,妻,F226742001,民國77年5月13日,余家慶,彭素甘,余思慧,原住本縣新莊市福營里2鄰中正路533號民國83年11月25日遷入。原住本鎮樹人里2鄰復興路356號四樓彭瑞明戶內民國85年7月4日住址變更。原住新北市樹林區樹福里20鄰復興路3號三樓余家慶戶內民國101年11月14日遷入登記。民國101年11月14日與勞大鵬結婚。男勞景業統一編號A131599506民國102年3月30日出生。原住臺北市文山區興昌里12鄰辛亥路四段101巷140弄85號戶長本人民國102年12月17日遷人登記。民國106年7月20日經法院和解與勞大鵬離婚民國106年7月31日申登。原住桃園市蘆竹區吉祥里009鄰吉林路135號十二樓戶長本人民國106年8月3日遷人登記。民國108年5月21日與張智凱結婚。女張苡芯統一編號F270197687民國109年2月12日初設戶籍登記。男張苡晨國民身分證統一編號F135505283民國110年1月2日出生。,張智凱,參女,F270197687,民國108年11月21日,張智凱,余思慧,張苡芯,原住國外民國108年12月28日入境民國109年2月12日初設戶籍登記(統一證號FB30122239)。,,孫女,F135505283,民國110年1月2日,張智凱,余思慧,張苡晨,在新北市惠生保安婦幼診所出生約定從父姓民國110年2月3日申登。,,孫,,,,,,,,,,,,,,,,,,,,,,,,,,,,,,,,,,,,,,,,
true,111/05/30,gs://nthurc-docai-poc/申請資料-4要件/戶籍/戶謄16.pdf,新北市土城區清水里020鄰仁愛路54巷6號,FQ436138,取得此戶籍地址紀錄的成員相關資訊並組合成一個嵌套的 JSON，提取其中所有成員的姓名、稱謂、出生日期、身份證字號、配偶、父親姓名、母親姓名、記事內容,F225389653,民國68年11月19日,林炎明,陳來春,林嘉琪,"出生別:長女
出生地:臺灣省臺北縣
已事:原住臺北縣土城市清水里20鄰仁愛路54巷6號陳來春戶內民國87年12月9日遷入登記
。民國87年12月9日遷出高雄市鼓山區民族里1鄰內惟路459巷1號(已接通報)。民國87年1
0月23日與凌銘章結婚民國87年12月9日申登。原住高雄市鼓山區民族里1鄰內惟路459巷1號
民國88年5月21日遷入登記。原住臺北縣土城市清水里20鄰仁愛路54巷6號陳來春戶內民國90
年5月28日遷入登記。原住高雄市鼓山區民族里1鄰內惟路459巷1號凌正信戶內民國91年9月1
3日遷入登記。原住臺北縣土城市清水里20鄰仁愛路54巷6號陳來春戶內民國96年7月2日遷入登
記。原住桃園縣龜山鄉文化村19鄰科技三路88號凌銘章戶內民國99年8月5日遷入登記(F10)
。原住復興里29鄰廣興街75號七樓戶長本人民國101年5月23日住址變更(F13)。民國10
6年9月29日與凌銘章兩願離婚。因離婚民國106年9月29日協議行使負擔未成年子女凌岱慈權利
義務。因離婚民國106年9月29日協議行使負擔未成年子女凌岱樺權利義務。因離婚民國106年9
月29日協議行使負擔未成年子女凌培晨權利義務。",凌銘章,戶長,E224787501,民國88年3月15日,凌銘章,林嘉琪,凌岱慈,"出生地:臺灣省臺北縣
出生別:長女
記事:在台北縣板橋市重成婦產醫院出生民國88年4月17日申登。原住高雄市鼓山區民族里1鄰
內惟路459巷1號凌正信戶內民國91年9月13日遷入登記。原住臺北縣土城市清水里20鄰仁愛路
54巷6號陳來春戶內民國96年7月2日遷入登記。原住復興里29鄰廣興街75號七樓林嘉琪戶內民
國101年5月23日住址變更(F13)。因父母離婚民國106年9月29日協議由母行使負擔未成
年子女權利義務。",,長女,E225778542,民國92年8月28日,凌銘章,林嘉琪,凌岱樺,"出生地:臺灣省臺北縣
出生別:次女
記事:在臺北縣土城市郭岳彰婦產科診所出生民國92年9月30日申登。原姓名凌岱圓特殊原因民
國93年12月16日第一次改名。原住高雄市鼓山區民族里1鄰內惟路459巷1號凌正信戶內民國9
6年4月4日遷入登記。原住臺北縣土城市清水里20鄰仁愛路54巷6號陳來春戶內民國96年7月2
日遷人登記。因父母離婚民國106年9月29日協議由母行使負擔未成年子女權利義務。",,次女,F132291157,民國97年4月18日,凌銘章,林嘉琪,凌培晨,"出生地:臺灣省臺北縣
出生別:長男
記事:在臺北縣土城市張甫行婦產科診所出生約定從父姓民國97年4月25日申登。因父母離婚民
國106年9月29日協議由母行使負擔未成年子女權利義務。",,長子,,,,,,,,,,,,,,,,,,,,,,,,,,,,,,,,,,,,,,,,,,,,,,,,
True,111/04/27,gs://nthurc-docai-poc/申請資料-4要件/戶籍/戶謄17.pdf,新北市土城區員仁里010鄰慶利街22號四樓,FP305021,取得此戶籍地址紀錄的成員相關資訊並組合成一個嵌套的 JSON，提取其中所有成員的姓名、稱謂、出生日期、身份證字號、配偶、父親姓名、母親姓名、記事內容,H202311202,民國46年11月21日,黃阿添,黃鍾宗,黃秀蓉,"原住台北市大安區錦安里1鄰金華街118號之8康世文戶內民國84年12月14日遷人。
民國85年1月19日遷出台北市大安區錦安里1鄰金華街118之8號(已接通報)。原住台北市大安
區錦安里1鄰金華街118之8號民國85年8月23日隨夫遷入。原姓名黃秀蓉與他人同姓名民國11
0年8月19日改名。原姓名黃立岑名字不雅民國111年1月4日第一次改名。",康世文,戶長,Q103198154,民國45年8月24日,康天理,康蔡桂英,康世文,"原住台北市大安區錦安里1鄰金華街118號之8戶長本人民國84年12月14日遷入。民
國85年1月19日遷出台北市大安區錦安里1鄰金華街118之8號(已接通報)。原住台北市大安區
錦安里1鄰金華街118之8號民國85年8月23日遷入。原逕為住址變更登記於臺北市大安區龍安里
1鄰臺北市大安區戶政事務所(新生南路二段86號)戶長本人民國102年6月20日遷入登記。原登
記配偶姓名黃秀蓉因配偶改名民國110年8月19日變更民國110年8月19日經新北市土城戶政事
務所逕為變更登記。原登記配偶姓名黃立岑因配偶改名民國111年1月4日變更民國111年1月4日
經新北市土城戶政事務所逕為變更登記。",黃秀蓉,夫,Q222993742,民國70年10月9日,康世文,黃秀蓉,康憶茹,"原住台北市大安區錦安里1鄰金華街118號之8康世文戶內民國84年12月14日遷入。
民國85年1月19日遷出台北市大安區錦安里1鄰金華街118之8號(已接通報)。原住台北市大安
區錦安里1鄰金華街118之8號民國85年8月23日隨父遷入。原登記母姓名黃秀蓉因母改名民國1
10年8月19日變更民國110年8月19日經新北市土城戶政事務所逕為變更登記。原登記母姓名黃
立岑因母改名民國111年1月4日變更民國111年1月4日經新北市土城戶政事務所逕為變更登記。",,長女,E123366524,民國71年11月5日,康世文,黃秀蓉,康宏霖,"原住台北市大安區錦安里1鄰金華街118號之8康世文戶內民國84年12月14日遷人。
民國85年1月19日遷出台北市大安區錦安里1鄰金華街118之8號(已接通報)。原住台北市大安
區錦安里1鄰金華街118之8號民國85年8月23日隨父遷入。民國94年6月26日與李淑美結婚
民國94年7月13日申登。妻李淑美民國94年7月14日姓名變更申登。民國98年8月20日與李
宛螢離婚(F10)。原登記母姓名黃秀蓉因母改名民國110年8月19日變更民國110年8月19
日經新北市土城戶政事務所逕為變更登記。原登記母姓名黃立岑因母改名民國111年1月4日變更民國
111年1月4日經新北市土城戶政事務所逕為變更登記。",,長子,F132299573,民國97年12月7日,康宏霖,李宛螢,康賢良,"在臺北縣土城市儷生婦產科診所出生約定從父姓民國98年1月5日申登。民國98年8月2
0日父母離婚約定由父行使負擔未成年子女權利義務(F10)。原住員仁里010鄰慶利街22號四樓
康宏霖戶內民國111年4月27日合住本戶。",,孫,,,,,,,,,,,,,,,,,,,,,,,,,,,,,,,,,,,,,,,,
True,111/06/06,gs://nthurc-docai-poc/申請資料-4要件/戶籍/戶謄18.pdf,新北市板橋區大觀里008鄰僑中二街88巷12號二樓,YJ364206,取得此戶籍地址紀錄的成員相關資訊並組合成一個嵌套的 JSON，提取其中所有成員的姓名、稱謂、出生日期、身份證字號、配偶、父親姓名、母親姓名、記事內容,A123733487,民國62年2月4日,張寬一,張盧麗雲,張嘉城,原住台北市中山區正得里4鄰中山北路一段5巷57號民國82年6月1日遷入。民國83年9月15日職變民國83年10月21日申登。民國85年8月11日職變民國85年8月15日申登。民國86年10月15日申報出生地。原姓名張耀明特殊原因民國105年11月21日第一次改名。,,戶長,B100955217,民國33年3月1日,張振祥,張林秀鳳,張寬一,原住臺北市士林區永倫里10鄰延平北路六段258巷64號戶長本人民國86年3月24日遷入。原住台北縣三重市光田里20鄰興華街89號三樓高芳華戶內民國88年1月18日遷人登記。,張盧麗雲,父,A200226892,民國37年12月9日,盧外國,盧曾輕輕,張盧麗雲,原住本市士林區永倫里10鄰延平北路六段258巷64號民81、10、19遷入。民國84年3月23日遷出台北市士林區永倫里10鄰延平北路六段258巷64號。原住台北市中山區正得里4鄰中山北路一段5巷57號民國84年6月13日遷入。原住永倫里10鄰延平北路六段258巷64號戶長本人民國88年1月18日住址變更。,張寬一,母,A123682369,民國60年2月14日,張寬一,張盧麗雲,張耀宗,原住台北中山區正得里4鄰中山北路一段5巷57號民國83年12月23日遷入。民國84年6月1日職變民國86年3月5日申登。原住永倫里10鄰延平北路六段258巷64號張盧麗雲戶內民國87年9月17日住址變更。民國87年10月21日與大陸地區人民曹小欽結婚民國87年12月17日申登。民國89年7月17日認領林育誠為長男。民國90年3月5日與大陸地區人民曹小欽離婚民國90年11月12日申登。民國89年2月15日與林若蓁結婚民國91年1月7日申登。民國91年1月11日撤銷與林若蓁結婚登記。民國94年3月16日認領林育瑋為次男民國94年3月16日申登(A8)。原住臺北市士林區社園里7鄰延平北路六段116巷39弄18號3樓張耀明戶內民國95年8月28日遷入登記。原住恆安里5鄰雙城街12巷2之7號盧姵璇戶內民國95年10月3日住址變更。原住臺北市中山區恆安里11鄰農安街20號五樓之10陳永銘戶內民國97年3月11日遷入登記。原住臺北市士林區社園里7鄰延平北路六段116巷39弄18號三樓戶長本人民國100年3月8日遷入登記(A5)。原住臺北市中正區廈安里010鄰中華路二段175巷46之2號林若蓁戶內民國107年12月17日遷入登記。原住新北市板橋區大觀里0.08鄰僑中二街88巷12之1號張嘉城戶內民國108年4月1日遷入登記。原住臺北市中正區廈安里010鄰中華路二段175巷46之2號林若蓁戶內民國108年7月8日遷入登記。,,兄,A227823635,民國75年12月14日,,張慧芬,張郁庭,原住台北市中山區正得里4鄰中山北路一段5巷57號民國82年6月1日遷入。原住永倫里10鄰延平北路六段258巷64號張盧麗雲戶內民國88年1月18日住址變更。原住台北市士林區社園里7鄰延平北路六段116巷39弄18號三樓張耀明戶內民國90年3月14日遷入登記。原住台北市文山區景華里8鄰景中街33號二樓張慧芬戶內民國91年4月25日遷入登記。民國97年9月19日與陳建安結婚。原住社園里7鄰延平北路六段116巷39弄18號三樓張耀明戶內民國97年9月25日住址變更。長男陳韋勳統一編號A132405898民國99年9月27日出生(A13)。長女陳韋伶統一編號A232046962民國101年9月25日出生。民國104年3月27日經法院和解與陳建安離婚民國104年4月27日申登。因離婚民國104年4月7日經法院和解行使負擔未成年子女陳韋伶權利義務民國104年5月5日申登。原住臺北市士林區社新里015鄰延平北路六段209之1號五樓陳光良戶內民國104年5月5日遷入登記。原住大安里002鄰大觀路二段3巷9之3號范秉甫戶內民國108年6月3日住址變更。,,甥女,F129124209,民國83年10月18日,張德熙,張慧芬,張智凱,在台北市中山區民生東路一段30號三樓潘世斌婦產科出生民國84年2月7日申登。民國91年12月17日父母離婚約定由父監護民91年12月17日申登。原住臺北市士林區社園里7鄰延平北路六段116巷39弄18號三樓張德熙戶內民國98年4月30日遷入登記。原住臺北市中正區龍光里11鄰重慶南路三段30號六樓張德勲戶內民國100年1月11日遷入登記(F3)。原住新北市中和區景本里10鄰景新街423巷33弄25號五樓張惠珍戶內民國102年5月6日遷入登記。民國108年5月21日與余思慧結婚。長女張苡芯統一編號F270197687民國109年2月12日初設戶籍登記。長男張苡晨國民身分證統一編號F135505283民國110年1月2日出生。,余思慧,甥,A232046962,民國101年9月25日,陳建安,張郁庭,陳韋伶,在臺北市北投區石牌路二段201號出生約定從父姓民國101年10月24日申登。因父母離婚民國104年4月7日經法院和解由母行使負擔未成年子女權利義務民國104年5月5日申登。原住臺北市士林區社新里015鄰延平北路六段209之1號五樓陳光良戶內民國104年5月5日遷入登記。原住大安里002鄰大觀路二段3巷9之3號范秉甫戶內民國108年6月3日住址變更。,,,,,,,,,,,,,,,,,,,,,,,,,,
True,111/04/18,gs://nthurc-docai-poc/申請資料-4要件/戶籍/戶謄19.pdf,新北市土城區青山里003鄰明德路一段249號四樓,FR597259,取得此戶籍地址紀錄的成員相關資訊並組合成一個嵌套的 JSON，提取其中所有成員的姓名、稱謂、出生日期、身份證字號、配偶、父親姓名、母親姓名、記事內容,N124304516,民國76年2月14日,莊福華,李鳳蕊,莊為翔,"由母監護。民國82年5月27日隨李英津遷入。民國98年3月20日申請與洪茹婷結婚登記,民國98年3月22日結婚登記(F3)。長女莊金榆統一編號F232151669民國98年7月22日出生(F3)。長男莊亮榆統一編號F133349938民國101年7月18日出生。",洪茹婷,戶長,F226416113,民國75年3月13日,洪季郎,王麗鈴,洪茹婷,"民國98年3月20日申請與莊為翔結婚登記,民國98年3月22日結婚登記。女莊金榆統一編號F232151669民國98年7月22日出生。原住臺北縣三重市開元里7鄰三和路一段47巷5號四樓洪季郎戶內民國99年1月18日遷入登記(F10)。男莊亮榆統一編號F133349938民國101年7月18日出生。",莊為翔,妻,F232151669,民國98年7月22日,莊為翔,洪茹婷,莊金榆,在臺北縣三重市東和婦產科診所出生約定從父姓民國98年8月18日申登(F3)。原住臺北縣三重市開元里7鄰三和路一段47巷5號四樓洪季郎戶內民國99年1月18日遷人登記(F10),,長女,F133349938,民國101年7月18日,莊為翔,洪茹婷,莊亮榆,在新北市三重區東和婦產科家庭醫學科診所出生約定從父姓民國101年8月3日申登。,,長子,N124322649,民國77年6月5日,莊福華,李鳳蕊,莊為棠,由母監護。民國82年5月27日隨李英津遷入。原住青山里003鄰明德路一段249號四樓李鳳蕊戶內民國106年5月19日合住本戶。,,弟,,,,,,,,,,,,,,,,,,,,,,,,,,,,,,,,,,,,,,,,
True,111/07/08,gs://nthurc-docai-poc/申請資料-4要件/戶籍/戶謄2.pdf,新北市中和區連城里018鄰連城路171巷30號七樓,F0A37QF4,取得此戶籍地址紀錄的成員相關資訊並組合成一個嵌套的 JSON，提取其中所有成員的姓名、稱謂、出生日期、身份證字號、配偶、父親姓名、母親姓名、記事內容,F125437447,民國70年12月7日,段洪秀,黃素訓,段榮昌,在空軍總醫院出生民70、12、22申登。原住忠孝里5鄰中正路618巷7弄3號戶長本人民國100年6月14日住址變更(F6)。民國106年12月7日與林雅甄結婚。長男段允澄國民身分證統一編號F135222029民國107年6月2日出生。,林雅甄,戶長,F224858766,民國70年7月31日,林坤宏,顏寶月,林雅甄,原住台北縣板橋市香丘里4鄰漢生東路113巷6弄7號之1林美雲戶內民國84年9月14日遷入。民國88年5月17日遷出台北縣板橋市香丘里4鄰漢生東路113巷6弄7號之1(已接通報)。因虛報遷出民國88年6月29日撤銷遷出登記。原住臺北縣鶯歌鎮永昌里6鄰鶯桃路129巷12弄9號六樓之2顏寶月戶內民國88年7月1日遷入登記。原住新北市板橋區西安里009鄰中山路二段97號六樓之2林坤宏戶內民國106年12月7日遷入登記。民國106年12月7日與段榮昌結婚。男段允澄國民身分證統一編號F135222029民國107年6月2日出生。,段榮昌,妻,F135222029,民國107年6月2日,段榮昌,林雅甄,段允澄,在新北市遠興婦產科診所出生約定從父姓民國107年6月7日申登。,,長子,,,,,,,,,,,,,,,,,,,,,,,,,,,,,,,,,,,,,,,,,,,,,,,,,,,,,,,,
True,111/05/05,gs://nthurc-docai-poc/申請資料-4要件/戶籍/戶謄20.pdf,新北市板橋區後埔里012鄰實踐路32巷6號四樓,FX348871,取得此戶籍地址紀錄的成員相關資訊並組合成一個嵌套的 JSON，提取其中所有成員的姓名、稱謂、出生日期、身份證字號、配偶、父親姓名、母親姓名、記事內容,F127457714,民國78年3月28日,陳烱文,許淇鈴,許心鋯,原姓名陳禹任特殊原因民國85年8月29日改名。原姓名陳宇彤特殊原因民國105年4月28日第二次改名。原姓名陳宇成年後申請變更從母姓民國108年1月9日登記。原姓名許宇與他人同姓名民國108年7月11日改名。,,戶長,A223170615,民國54年10月16日,許華成,許張樣,許淇鈴,民國83年3月14日與陳烱文離婚。原姓名許麗香民國84年5月15日因特殊原因申請改名民國84年5月19日核准民國84年5月22日申登。民國89年1月9日與宋品宗結婚民國89年2月22日申登。民國89年12月11日與宋品宗離婚。原登記出生地臺灣省臺北縣係誤報民國91年5月15日更正。原姓名許麗麗特殊原因民國91年6月13日第二次改名。原住臺灣省臺北縣板橋市後埔里12鄰實踐路32巷4號四樓戶長本人民國93年12月8日遷入登記。民國93年10月12日出境民國95年11月7日遷出登記。原在苗栗縣竹南鎮崎頂里011鄰清天泉10之2號(96年除戶林順發戶內)設有戶籍民國104年12月10日入境民國105年4月1日遷入登記。民國107年4月9日行使負擔未成年子女宋首蹄權利義務民國107年5月11日登記。民國107年4月9日行使負擔未成年子女宋懿權利義務民國107年5月11日登記。原住景星里021鄰重慶路100號四樓戶長本人民國108年7月16日住址變更。,,母,F230630765,民國89年8月2日,宋品宗,許淇鈴,許心懿,"在台北縣板橋市長庚婦產科診所出生民國89年12月11日申登。原住後埔里12鄰實踐路32巷4號四樓許麗麗戶內民國90年8月20日住址變更。原住後埔里12鄰實踐路32巷6號四樓許世峰戶內民國91年6月13日住址變更。母許麗麗民國91年6月13日姓名變更。原住臺灣省臺北縣板橋市後埔里12鄰實踐路32巷4號四樓民國93年12月8日遷人登記。民國93年7月2日出境,民國105年2月2日入境民國105年11月15日補註。民國107年4月9日經法院裁判確定由許淇鈴行使負擔未成年子女權利義務民國107年5月11日申登。原姓名宋懿成年後申請變更從母姓民國109年8月3日登記。原姓名許懿特殊原因民國109年8月3日第一次改名。原住苗栗縣竹南鎮崎頂里011鄰清天泉10之2號許首錦戶內民國109年11月2日遷入登記。",,妹,,,,,,,,,,,,,,,,,,,,,,,,,,,,,,,,,,,,,,,,,,,,,,,,,,,,,,,,
True,111/04/28,gs://nthurc-docai-poc/申請資料-4要件/戶籍/戶謄21.pdf,新北市中和區秀峰里034鄰景德街21號五樓之16,FW342179,取得此戶籍地址紀錄的成員相關資訊並組合成一個嵌套的 JSON，提取其中所有成員的姓名、稱謂、出生日期、身份證字號、配偶、父親姓名、母親姓名、記事內容,U121541951,民國76年9月3日,陳德源,吳秀琴,陳志祥,在玉里鎮新興街91號出生。民國82年12月10日教變經登。民國92年1月8日註記民族別。民國103年12月25日與袁黃朝慧結婚。長女陳璽恩統一編號F232774957民國103年12月20日出生。次女陳巧恩國民身分證統一編號F233907683民國106年10月17日出生。原登記配偶姓名袁黃朝慧因配偶改姓民國109年3月30日變更民國109年3月30日經新北市中和戶政事務所逕為變更登記。原登記配偶姓名黃黃朝慧因配偶改名民國109年3月30日變更民國109年3月30日經新北市中和戶政事務所逕為變更登記。三女陳念恩國民身分證統一編號F234813608民國110年9月11日出生。,黃郁喬,戶長,A226350133,民國81年9月28日,黃振東,袁美玉,黃郁喬,"原住台北市內湖區金龍里10鄰金龍路67巷5弄9號七樓民國86年10月4日遷入。原住台北市松山區東光里23鄰南京東路五段71號六樓之3民國87年6月2日遷入。原姓黃民國92年8月29日約定從母姓。民國92年8月29日取得山地原住民身分並註記原住民民族別登記。原登記原住民民族別泰雅族山地原住民民國93年9月29日變更。原姓名袁朝慧特殊原因民國95年6月9日第一次改名。民國96年6月22日父母離婚約定由母監護申登。民國97年5月20日父母再結婚民國97年5月21日註銷監護登記。民國97年8月26日登記原住民傳統姓名羅馬拼音。原住臺北市中正區龍福里2鄰寧波西街33號三樓之5袁黃朝暉戶內民國100年3月9日遷入登記(F3)。民國103年12月25日與陳志祥結婚。女陳璽恩統一編號F232774957民國103年12月20日出生。女陳巧恩國民身分證統一編號F233907683民國106年10月17日出生。原住中正里011鄰連城路347巷16弄18之3號黃振東戶內民國109年3月30日住址變更。原姓名袁黃朝慧成年後申請變更從父姓民國109年3月30日登記。原住民傳統姓名羅馬拼音Imi,Aimey民國109年3月30日廢止登記。民國109年3月30日未從具原住民身分之母姓喪失山地原住民身分並廢止原住民民族別。原姓名黃黃朝慧特殊原因民國109年3月30日第二次改名。女陳念恩國民身分證統一編號F234813608民國110年9月11日出生。",陳志祥,妻,F232774957,民國103年12月20日,陳志祥,黃郁喬,陳璽恩,在新北市遠興婦產科診所出生約定從具有原住民身分父姓並註記原住民民族別民國103年12月25日申登。原住中正里011鄰連城路347巷16弄18之3號黃振東戶內民國109年3月30日住址變更。原登記母姓名袁黃朝慧因母改姓民國109年3月30日變更民國109年3月30日經新北市中和戶政事務所逕為變更登記。原登記母姓名黃黃朝慧因母改名民國109年3月30日變更民國109年3月30日經新北市中和戶政事務所逕為變更登記。,,長女,F233907683,民國106年10月17日,陳志祥,黃郁喬,陳巧恩,在新北市蕙生醫院出生約定從具原住民身分父姓並註記原住民民族別民國106年10月24日申登。原住中正里011鄰連城路347巷16弄18之3號黃振東戶內民國109年3月30日住址變更。原登記母姓名袁黃朝慧因母改姓民國109年3月30日變更民國109年3月30日經新北市中和戶政事務所逕為變更登記。原登記母姓名黃黃朝慧因母改名民國109年3月30日變更民國109年3月30日經新北市中和戶政事務所逕為變更登記。,,次女,F234813608,民國110年9月11日,陳志祥,黃郁喬,陳念恩,在新北市蕙生醫院出生約定從具原住民身分父姓取得平地原住民身分並註記從父原住民民族別民國110年9月14日申登。,,參女,,,,,,,,,,,,,,,,,,,,,,,,,,,,,,,,,,,,,,,,
true,111/05/09,gs://nthurc-docai-poc/申請資料-4要件/戶籍/戶謄22.pdf,新北市土城區學士里020鄰學士路11號四樓,FP342164,取得此戶籍地址紀錄的成員相關資訊並組合成一個嵌套的 JSON，提取其中所有成員的姓名、稱謂、出生日期、身份證字號、配偶、父親姓名、母親姓名、記事內容,Y220260353,民國49年12月13日,廖欽日,廖楊金魚,廖庭霙,"原名:廖秀鳳。原住臺北市松山區新聚里5鄰寶清街21號八樓之3戶長本人民國087年0
3月02日遷人。原住臺北縣中和市壽德里29鄰民德路374號戶長本人民國96年7月23日遷入登記。",,戶長,A103299724,民國24年1月15日,廖石汗,廖林夾,廖欽日,"原住台北縣板橋市廣福里4鄰信義路251巷8號五樓民國85年11月25日遷入。原住臺
北市松山區新聚里5鄰寶清街21號八樓之3戶長本人民國87年3月2日遷入。原住臺北縣五股鄉五福
村19鄰五福路32巷42號三樓蘇美淑戶內民國94年10月31日遷入登記。",廖楊金魚,父,A203144271,民國23年11月3日,楊阿連,楊陳對,廖楊金魚,"原住台北縣板橋市廣福里4鄰信義路251巷8號五樓民國85年11月25日遷入。原住臺
北市松山區新聚里5鄰寶清街21號八樓之3廖欽日戶內民國87年3月2日遷入。原住臺北縣五股鄉五
福村19鄰五福路32巷42號三樓蘇美淑戶內民國94年10月31日遷入登記。",廖欽日,母,F228511773,民國82年8月9日,陳正平,廖庭霙,陳宣卉,"在基隆市義二路174號出生民國82年8月30日申登(經生父陳正平認領從生父姓民國8
2年8月30日申登)。原住台北縣板橋市廣福里4鄰信義路251巷8號五樓民國85年11月25日
遷入。原住臺北市松山區新聚里5鄰寶清街21號八樓之3廖庭霙戶內民國087年03月02日遷人。
原住臺北縣中和市壽德里29鄰民德路374號廖庭霙戶內民國96年7月23日遷入登記。因被認領民
國99年10月4日重新約定由母行使負擔未成年子女權利義務(F10)。",,長女,,,,,,,,,,,,,,,,,,,,,,,,,,,,,,,,,,,,,,,,,,,,,,,,
True,111/06/01,gs://nthurc-docai-poc/申請資料-4要件/戶籍/戶謄23.pdf,新北市土城區明德里018鄰明德路二段197號五樓,FR759496,取得此戶籍地址紀錄的成員相關資訊並組合成一個嵌套的 JSON，提取其中所有成員的姓名、稱謂、出生日期、身份證字號、配偶、父親姓名、母親姓名、記事內容,T122820496,民國67年4月16日,陳先利,陳方素雲,陳建良,"原住新北市樹林區東陽里18鄰鎮前街413之10號五樓之4民國101年5月3日遷入登記(F13)。原住裕生里037鄰樂利街9號八樓民國106年2月2日住址變更·原村里鄰明德里023鄰民國111年1月3日行政區域調整。
原住本縣新園鄉五房村4鄰福德路199號民國82年2月17日隨母遷入。民國101年6月27日申請與徐孟伶結婚登記,民國101年6月29日結婚登記(F13)。長男陳訢恩統一編號F133800696民國103年4月6日出生。長女陳心瞳統一編號F233576482民國105年6月27日出生。",徐孟伶,戶長,H222398161,民國68年6月29日,徐國鐘,李美慧,徐孟伶,"原住明德里23鄰明德路二段205巷1號十一樓徐國鐘戶內民國101年6月27日住址變更(F13)。民國101年6月27日申請與陳建良結婚登記,民國101年6月29日結婚登記(F13)。男陳訢恩統一編號F133800696民國103年4月6日出生。女陳心瞳統一編號F233576482民國105年6月27日出生。",陳建良,妻,T201699868,民國44年8月13日,方清分,方鄭美,陳方素雲,原住本縣新園鄉五房村4鄰福德路199號民國82年2月17日遷入。民國85年1月10日職變申登。配偶:陳先利(歿)。原住屏東縣萬丹鄉崙頂村3鄰崙頂路695巷15號戶長本人民國101年8月23日遷入登記。,,母,F133800696,民國103年4月6日,陳建良,徐孟伶,陳訢恩,在新北市永佳婦產專科診所出生約定從父姓民國103年4月15日申登。,,長子,F233576482,民國105年6月27日,陳建良,徐孟伶,陳心瞳,在新北市永佳婦產專科診所出生約定從父姓民國105年7月4日申登。,,長女,,,,,,,,,,,,,,,,,,,,,,,,,,,,,,,,,,,,,,,,
True,111/06/01,gs://nthurc-docai-poc/申請資料-4要件/戶籍/戶謄24.pdf,新北市三峽區中正里021鄰大同路88巷1號十二樓之2,FV883922,取得此戶籍地址紀錄的成員相關資訊並組合成一個嵌套的 JSON，提取其中所有成員的姓名、稱謂、出生日期、身份證字號、配偶、父親姓名、母親姓名、記事內容,M100960922,民國31年3月2日,陳刪宣,陳王六合,陳文達,配偶王蘭蕙(歿)。原住臺北市中正區螢雪里4鄰泉州街135號戶長本人民國96年1月24日遷入登記。,王蘭蕙(歿),戶長,M120748539,民國57年1月2日,陳文達,王蘭蕙,陳國彬,民國82年7月8日與賀淑梅結婚。民國90年2月9日與賀淑梅離婚。原住土城里18鄰中央路二段209號十樓之6戶長本人民國96年8月20日住址變更。原住頂新里006鄰中央路四段279巷19號九樓之2戶長本人民國103年2月17日住址變更。民國102年8月6日與大陸地區人民宗旭娟(1978年10月13日出生)結婚民國103年12月3日申登。民國107年8月28日經法院裁定收養大陸地區人民祖悅然(2008年10月15日出生)為養子民國108年5月29日申登。,宗旭娟,長子,M120749821,民國60年12月31日,陳文達,王蘭蕙,陳國書,民國90年6月2日與陳秀蘭結婚民國90年6月11日申登。妻陳秀蘭民國93年8月12日姓名變更。原住臺北市中正區螢雪里4鄰泉州街135號陳文達戶內民國96年1月24日遷入登記。民國96年9月27日與陳亭安離婚。民國106年11月27日與葉想想結婚。長男陳豫靖國民身分證統一編號F135086041民國107年5月6日出生。,葉想想,參子,V221175110,民國77年2月13日,葉枝程,彭玉美,葉想想,因父母離婚由父監護。民國092年04月07日申報出生地。民國106年11月27日與陳國書結婚。原住臺東縣卑南鄉太平村021鄰太平路504巷1弄30號陳榮嬌戶內民國106年11月27日遷人登記。男陳豫靖國民身分證統一編號F135086041民國107年5月6日出生。,陳國書,參媳,F230778797,民國90年8月30日,陳國書,陳亭安,陳芃羽,在臺北縣土城市郭岳彰婦產科診所出生民國90年9月12日申登。母陳秀蘭民國93年8月12日姓名變更。民國96年9月27日父母離婚約定由父監護。,,孫女,F231178862,民國93年3月27日,陳國書,陳亭安,陳柔伊,在臺北縣土城市郭岳彰婦產科診所出生民國93年4月1日中登。母陳秀蘭民國93年8月12日姓名變更。民國96年9月27日父母離婚約定由父監護。,,孫女,F190068265,民國97年10月15日,祖同,宗旭娟,陳悅然,原住大陸地區民國107年7月13日入境民國108年7月11日初設戶籍登記(統一證號FA30007842)。原姓名祖悅然因養父單獨收養經養父與生母約定從養父姓民國108年7月11日申登。,,孫,F135086041,民國107年5月6日,陳國書,葉想想,陳豫靖,在新北市永佳婦產專科診所出生約定從父姓民國107年5月30日申登。,,孫,,,,,,,,,,,,,,,,
True,111/05/09,gs://nthurc-docai-poc/申請資料-4要件/戶籍/戶謄25.pdf,新北市土城區樂利里019鄰學府路一段234號二樓,FM580254,取得此戶籍地址紀錄的成員相關資訊並組合成一個嵌套的 JSON，提取其中所有成員的姓名、稱謂、出生日期、身份證字號、配偶、父親姓名、母親姓名、記事內容,F222554943,民國50年6月9日,楊玉珍,楊何富,楊美玲,民國77年6月2日與吳明顏結婚。原住臺灣省臺北縣土城市中正里18鄰學府路一段143巷23號戶長本人民國91年10月24日遷入登記。原住學府里020鄰學府路一段153號戶長本人民國106年9月11日住址變更。,吳明顏,戶長,F227087385,民國78年10月1日,吳明顏,楊美玲,吳姿靜,原住臺灣省臺北縣土城市中正里18鄰學府路一段143巷23號楊美玲戶內民國91年10月24日遷入登記。,,長女,F227085989,民國80年7月13日,吳明顏,楊美玲,吳亭儀,原住臺灣省臺北縣土城市中正里18鄰學府路一段143巷23號楊美玲戶內民國91年10月24日遷入登記。,,次女,F130221620,民國87年3月28日,吳明顏,楊美玲,吳思漢,在臺北縣板橋徐婦產科出生民國87年4月20日申登。原住臺灣省臺北縣土城市中正里18鄰學府路一段143巷23號楊美玲戶內民國91年10月24日遷入登記。,,長子,,,,,,,,,,,,,,,,,,,,,,,,,,,,,,,,,,,,,,,,,,,,,,,,
True,111/04/26,gs://nthurc-docai-poc/申請資料-4要件/戶籍/戶謄26.pdf,新北市新莊區昌明里006鄰昌明街14巷5弄8號,F0A15RZ8,取得此戶籍地址紀錄的成員相關資訊並組合成一個嵌套的 JSON，提取其中所有成員的姓名、稱謂、出生日期、身份證字號、配偶、父親姓名、母親姓名、記事內容,P101091571,民國41年2月24日,楊肇龍,楊蔡碧玉,楊錦堂,原住台南市中區五妃里13鄰慶中街61號五樓戶長本人民國86年8月12日遷入。原住高雄市鼓山區龍子里045鄰龍德路335號九樓戶長本人民國108年3月14日遷入登記。原住臺南市安平區國平里012鄰建平一街190巷8號杜雪華戶內民國109年8月31日遷入登記。,杜雪華,戶長,F134706008,民國105年1月4日,楊宗憲,周家慧,楊翼丞,在新北市醫療財團法人徐元智先生醫藥基金會亞東紀念醫院出生約定從父姓民國105年1月25日申登。,,孫,F135224836,民國107年5月21日,楊宗憲,周家慧,楊翼齊,在新北市育馨中山婦產科診所出生約定從父姓民國107年5月25日申登。原住頭前里016鄰福美街90巷49號八樓楊宗憲戶內民國111年4月26日住址變更。,,孫,,,,,,,,,,,,,,,,,,,,,,,,,,,,,,,,,,,,,,,,,,,,,,,,,,,,,,,,
True,111/05/30,gs://nthurc-docai-poc/申請資料-4要件/戶籍/戶謄29.pdf,新北市新莊區新泰里2鄰新泰路一段58號4樓,FC274997,取得此戶籍地址紀錄的成員相關資訊並組合成一個嵌套的 JSON，提取其中所有成員的姓名、稱謂、出生日期、身份證字號、配偶、父親姓名、母親姓名、記事內容,F122422990,民國77年9月12日,蔡金龍,洪秀玉,蔡宛霖,原住台北縣新莊市新泰里003鄰新泰路一段58號1樓民國86年1月2日遷入。原住本市新泰里2鄰新泰路一段58號4樓民國91年10月28日住址變更。民國99年12月25日改制。,王明志,戶長,E122426893,民國77年12月28日,王志強,張麗華,王明志,出生地:台北縣。民國92年6月28日與蔡宛霖結婚民國92年7月1日申登。原住台北縣新莊市新泰里003鄰新泰路一段58號1樓民國92年7月1日遷入。原住本市新泰里2鄰新泰路一段58號4樓民國91年10月28日住址變更。民國99年12月25日改制。,蔡宛霖,夫,F131079488,民國93年12月11日,王明志,蔡宛霖,王品瑜,在本市新莊區新泰里2鄰新泰路一段58號4樓出生民國93年12月29日申報。原登記母姓名蔡宛霖民國104年4月17日經本所逕為變更登記。,,長女,F131345247,民國96年6月1日,王明志,蔡宛霖,王品萱,在本市新莊區新泰里2鄰新泰路一段58號4樓出生民國96年6月26日申報。原登記母姓名蔡宛霖民國104年4月17日經本所逕為變更登記。,,次女,F132133362,民國101年1月5日,王明志,蔡宛霖,王品潔,在本市新莊區新泰里2鄰新泰路一段58號4樓出生民國101年1月23日申報。原登記母姓名蔡宛霖民國104年4月17日經本所逕為變更登記。,,三女,F132503172,民國104年3月14日,王明志,蔡宛霖,王品豪,在本市新莊區新泰里2鄰新泰路一段58號4樓出生民國104年3月24日申報。原登記母姓名蔡宛霖民國104年4月17日經本所逕為變更登記。,,長子,,,,,,,,,,,,,,,,,,,,,,,,,,,,,,,,
true,111/04/29,gs://nthurc-docai-poc/申請資料-4要件/戶籍/戶謄30.pdf,新北市板橋區埔墘里015鄰中山路二段416巷32弄13號,A3645336,取得此戶籍地址紀錄的成員相關資訊並組合成一個嵌套的 JSON，提取其中所有成員的姓名、稱謂、出生日期、身份證字號、配偶、父親姓名、母親姓名、記事內容,P102454607,民國46年1月3日,鄭春竹,鄭蔡也,鄭銘樟,原住臺北市萬華區和德里005鄰寶興街19號二樓民國108年1月3日遷入登記。原住福壽里004鄰三民路二段204之23號三樓民國109年2月17日住址變更。,劉玫瑰,戶長,P221704375,民國46年7月17日,劉雅各,劉蘇琮,劉玫瑰,無記事。,鄭銘樟,妻,A125270027,民國70年6月1日,鄭銘樟,劉玫瑰,鄭士偉,在雲林縣虎尾鎮新生路74號出生民國70年7月13日登記。民國76年9月教變民國76年11月13日校登。民國77年9月1日遷出雲林縣四湖鄉鹿場村4鄰下鹿場路47號。民國77年9月6日撤銷遷出。,,長子,A127161067,民國71年9月27日,鄭銘樟,劉玫瑰,鄭志祥,在雲林縣虎尾鎮新生路74號出生民國71年11月13日登記。民國77年9月1日遷出雲林縣四湖鄉鹿場村4鄰下鹿場路47號。民國77年9月6日撤銷遷出。民國81年1月17日教職變校登。民國99年4月13日與田雨仙結婚(A7)。長男鄭祐昕統一編號A132293996民國99年9月17日出生(A7)。次男鄭晟邦統一編號A132632199民國101年10月11日出生。民國105年4月1日與田雨仙兩願離婚。,,次子,,,,,,,,,,,,,,,,,,,,,,,,,,,,,,,,,,,,,,,,,,,,,,,,
True,111/07/14,gs://nthurc-docai-poc/申請資料-4要件/戶籍/戶謄4.pdf,新北市中和區枋寮里016鄰中和路241號十一樓之2,F1630651,取得此戶籍地址紀錄的成員相關資訊並組合成一個嵌套的 JSON，提取其中所有成員的姓名、稱謂、出生日期、身份證字號、配偶、父親姓名、母親姓名、記事內容,F104183471,民國43年6月5日,張永富,高美女,張金鐘,"出生地台灣省台北縣。原住台北縣中和市佳和里9鄰中山路二段64巷6號之3民國77年1
1月18日遷入。民國73年1月23日與廖愛珍結婚。原住新北市永和區民族里20鄰民族街81巷1
號二樓戶長本人民國102年4月23日遷人登記。",,戶長,,,,,張永富,,,父,F122224073,民國49年12月28日,張永富,高美女,張金祿,"出生地台灣省台北縣。原住台北縣中和市佳和里9鄰中山路二段64巷6號之3民國77年1
1月18日遷入。民國73年1月23日與廖愛珍結婚。原住新北市永和區民族里20鄰民族街81巷1
號二樓張金祿戶內民國102年4月23日遷人登記。",廖愛珍,弟,Q222021572,民國50年7月12日,廖金全,廖葉水銀,廖愛珍,"出生地台灣省嘉義縣。原住台北縣中和市佳和里9鄰中山路二段64巷6號之3民國77年1
1月18日遷入。民國73年1月23日與張金祿結婚。原住新北市永和區民族里20鄰民族街81巷1
號二樓張金祿戶內民國102年4月23日遷人登記。",張金祿,弟婦,F126342607,民國73年11月27日,張金祿,廖愛珍,張紘賓,"原住台北縣中和市佳和里9鄰中山路二段64巷6號之3民國77年11月18日遷入。原住
新北市永和區民族里20鄰民族街81巷1號二樓張金祿戶內民國102年4月23日遷入登記。民國1
06年2月11日申請與林郁軒結婚登記,民國106年2月14日結婚登記。長女張宇彤國民身分證統
一編號F234079375民國107年7月14日出生。長男張丞樂國民身分證統一編號F1355
16302民國108年12月7日出生。",林郁軒,姪,F227324687,民國78年11月29日,張金祿,廖愛珍,張咏欣,"在嘉義市中正路378號出生民國79年1月15日申報。原住新北市永和區民族里20鄰民
族街81巷1號二樓張金祿戶內民國102年4月23日遷人登記。",,姪女,F227851572,民國80年2月24日,張金祿,廖愛珍,張咏珊,"在本市中正路284號出生民國80年4月23日申報。原住新北市永和區民族里20鄰民族
街81巷1號二樓張金祿戶內民國102年4月23日遷人登記。民國110年1月12日與鄭仲勛結婚
0",鄭仲勛,姪女,F227521597,民國79年2月17日,黃聰明,林麗玉,林郁軒,"在本市雷世陽婦產科出生民國79年2月27日申登。民國95年10月30日父母離婚約定
由父監護。原住廣新里11鄰太和街6巷7號黃聰明戶內民國98年4月6日住址變更。原住文化里8鄰
松江街44號五樓黃張錦花戶內民國99年8月27日住址變更(F1)。原姓名黃秋樺特殊原因民國1
00年1月6日第一次改名(F1)。原從父姓黃變更改從母姓民國100年1月6日登記(F1)。原
住新北市板橋區香雅里004鄰大仁街66之1號戶長本人民國106年2月11日遷人登記。民國10
6年2月11日申請與張紘賓結婚登記,民國106年2月14日結婚登記。女張宇彤國民身分證統一編
號F234079375民國107年7月14日出生。男張丞樂國民身分證統一編號F1355163
02民國108年12月7日出生。",張紘賓,姪婦,F234079375,民國107年7月14日,張紘賓,林郁軒,張宇彤,在臺北市禾馨新生婦幼診所出生約定從父姓民國107年8月22日申登。,,姪孫女,F135516302,民國108年12月7日,張紘賓,林郁軒,張丞樂,在臺北市禾馨新生婦幼診所出生約定從父姓民國109年1月6日申登。,,姪孫
True,111/07/11,gs://nthurc-docai-poc/申請資料-4要件/戶籍/戶謄6.pdf,新北市新店區復興里015鄰中正路518巷15號四樓,FY552693,取得此戶籍地址紀錄的成員相關資訊並組合成一個嵌套的 JSON，提取其中所有成員的姓名、稱謂、出生日期、身份證字號、配偶、父親姓名、母親姓名、記事內容,F222578032,民國55年7月20日,黃李道榮,黃甘妹,黃玉琦,"原住台北縣中和市民安里3鄰民安街25巷15號之3民國82年1月9日與周志能結婚不冠夫姓民國82年3月11日登記婚人。民國89年3月28日與周志能離婚民國89年3月28日申登。
民國92年8月6日註記原住民民族別。原住臺北縣石碇鄉中民村9鄰十八重溪73號周志能戶內民國9
2年8月6日遷入登記。民國92年12月17日與印尼國人穆安迪(ANDY EFENDI)(西元
1973年6月1日出生)結婚民國93年2月25日申登。民國104年7月1日經法院裁判與印尼國
人穆安迪(ANDY EFENDI)(1973年6月1日出生)離婚民國104年7月24日申登。",穆安迪(ANDY EFENDI),戶長,F128815149,民國80年3月7日,周志能,黃玉琦,周義挺,"在台北市興隆路二段189號蔡婦產科出生民國82年5月17日申登。民國89年3月28
日父母離婚約定由父監護民國89年3月28日申登。原住臺北縣石碇鄉中民村9鄰十八重溪73號周志
能戶內民國95年8月14日遷人登記。原住桃園市平鎮區義民里016鄰環南路516巷16號周誌清
戶內民國105年6月24日遷入登記。",,長子,F224039654,民國82年3月25日,周志能,黃玉琦,黃靖芳,"在台北縣中和市中山路三段98號春暉醫院出生民國82年5月17日申登。民國89年3月
28日父母離婚約定由父監護民國89年3月28日申登。原住臺北縣石碇鄉中民村9鄰十八重溪73號
周志能戶內民國94年3月18日遷入登記。因父母離婚民國96年7月10日重新約定由母監護。原姓
周民國96年7月23日約定改從母姓取得原住民身分。民國96年7月23日取得平地原住民身分並註
記原住民民族別。原姓名黃韋君特殊原因民國96年8月20日第一次改名。原住新北市中和區民安里0
02鄰民安街15之1號黃正雄戶內民國105年6月24日遷入登記。民國106年7月4日與吳俊宏
結婚。",吳俊宏,長女,U220350127,民國50年10月28日,游金安,高連妹,游春梅,"養父游金安。民國69年3月30日與韓文桂結婚冠夫姓。民國84年4月19日職變申登。
民國87年6月11日已接通報民國87年6月10日與現住臺北縣淡水鎮清文里7鄰清水街174號韓
文桂離婚撤冠姓。民國93年4月16日回復平地原住民身分並註記原住民民族別民國93年4月16日
登記。原住新北市中和區福祥里011鄰福祥路92號三樓戶長本人民國107年1月3日遷人登記。",韓文桂,寄居,,,,,,,,,,,,,,,,,,,,,,,,,,,,,,,,,,,,,,,,,,,,,,,,
True,111/07/07,gs://nthurc-docai-poc/申請資料-4要件/戶籍/戶謄8.pdf,新北市永和區中溪里018鄰仁愛路186巷7號四樓,F9277801,取得此戶籍地址紀錄的成員相關資訊並組合成一個嵌套的 JSON，提取其中所有成員的姓名、稱謂、出生日期、身份證字號、配偶、父親姓名、母親姓名、記事內容,S121955480,民國47年1月1日,簡致,劉牡丹,簡清熙,出生地臺灣省高雄縣。民國77年2月1日職變民國77年8月29日申登。民國78年5月1日職變民國78年5月16日申登。母簡劉牡丹民國89年11月8日撤冠姓民國89年12月2日申登。妻原姓名簡林明環民國103年10月31日撤冠配偶姓。,林明環,戶長,F222105333,民國50年4月15日,林萬鎰,陳純,林明環,原住本市民族里10鄰民權路58巷1弄10號四樓戶長本人民國86年9月19日住變。原冠姓簡民國103年10月31日撤冠配偶姓登記。「,簡清熙,妻,S123205974,民國72年5月21日,簡清熙,林明環,簡川堯,原住本市民族里10鄰民權路58巷1弄10號四樓簡林明環戶內民國86年9月19日住變。民國87年3月30日申報出生地。母原姓名簡林明環民國103年10月31日撤冠配偶姓。,,長子,F126186289,民國73年11月15日,簡清熙,林明環,簡川翔,原姓名:簡川博係姓名不雅民國76年12月10日改名。原住本市民族里10鄰民權路58巷1弄10號四樓簡林明環戶內民國86年9月19日住變。民國103年5月17日與黃郁羚結婚。長男簡靖恩統一編號F132184228民國103年10月26日出生。母原姓名簡林明環民國103年10月31日撤冠配偶姓。次男簡愷均國民身分證統一編號F135128633民國108年3月25日出生,黃郁羚,次子,,,,,,,,,,,,,,,,,,,,,,,,,,,,,,,,,,,,,,,,,,,,,,,,
